Manufactures Representative,,2026 Brazalo Custom Lures Wholesaler List and Pricing                      , Mfg. , 2026 Brazalo,,,,,,,,,,,,,,,,,,,,
"Brazalo Custom Lures 
407 Calloway Ave Sherwood, AR 72120 
PH: (501) 681-6130 
 
 
 ",,,,,,,,,,,,,,,,,,,,,,,,
,,, Sales Person,Danny,,,,,,,,,,,,,,,,,,,,
,,**SEND ALL PO'S to brazalo.customlures@gmail.com**, PO Number,,,,,,,,,,,,,,,,,,,,,
,,, Order Date,,,,,,,,,,,,,,,,,,,,,
Retailer Name,,, Mfg. Terms,,,,,,,,,,,,,,,,,,,,,
Contact Person,,, Ship Date,,,,,,,,,,,,,,,,,,,,,
"Billing  - Address, Cty,St,Zip",,, PO TOTAL, $-   ,,,,,,,,,,,,,,,,,,,,
"Shipping  - Address, Cty,St,Zip",,, Newest Product Items,,,,,,,,,,,,,,,,,,,,,
Retailer Email,,,,,,,,,,,,,,,,,,,,,,,,
Retailer Phone,,,Discontinued Items,,,,,,,,,,,,,,,,,,,,,
,,,,,,,,,,,,,,,,,,,,,,,,
,,,NEW 2026 PRICE,,,,,,,,,,,,,,,,,,,,,
,,,,,,,,,,,,,,,,,,,,,,,,
Order Qty,Model #,Description,Per Unit Price,Extended Price,MAP,MSRP,UPC,,,,,,,,,,,,,,,,,
, ,Swim Jigs,,,MAP,MSRP,,,,,,,,,,,,,,,,,,
,SWM-01,3/8 oz Green Pumpkin Swim Jig,$3.00, $-   ,$4.15,$4.99,709402354543,,,,,,,,,,,,,,,,,
,SWM-02,1/2 oz Green Pumpkin Swim Jig,$3.00, $-   ,$4.15,$4.99,709402354529,,,,,,,,,,,,,,,,,
,SWM-03,3/8 oz White Swim Jig,$3.00, $-   ,$4.15,$4.99,709402354796,,,,,,,,,,,,,,,,,
,SWM-04,1/2 oz White Swim JIg,$3.00, $-   ,$4.15,$4.99,709402354888,,,,,,,,,,,,,,,,,
,SWM-05,3/8 oz Bama Bream Swim JIg,$3.00, $-   ,$4.15,$4.99,709402354895,,,,,,,,,,,,,,,,,
,SWM-06,1/2 oz Bama Bream Swim Jig,$3.00, $-   ,$4.15,$4.99,709402354932,,,,,,,,,,,,,,,,,
,SWM-07,3/8 oz Bream Swim Jig,$3.00, $-   ,$4.15,$4.99,709402355076,,,,,,,,,,,,,,,,,
,SWM-08,1/2 oz Bream Swim Jig,$3.00, $-   ,$4.15,$4.99,709402354901,,,,,,,,,,,,,,,,,
,SWM-09,3/8 oz Bluegill Swim Jig,$3.00, $-   ,$4.15,$4.99,709402355083,,,,,,,,,,,,,,,,,
,SWM-10,1/2 oz Bluegill Swim Jig,$3.00, $-   ,$4.15,$4.99,709402355090,,,,,,,,,,,,,,,,,
,SWM-11,3/8 oz Black n Blue Swim Jig,$3.00, $-   ,$4.15,$4.99,709402355113,,,,,,,,,,,,,,,,,
,SWM-12,1/2 oz Black n Blue Swim Jig,$3.00, $-   ,$4.15,$4.99,709402355120,,,,,,,,,,,,,,,,,
,SWM-16,3/8 oz Bone Swim Jig,$3.00, $-   ,$4.15,$4.99,709402355175,,,,,,,,,,,,,,,,,
,SWM-17,1/2 oz Bone Swim Jig,$3.00, $-   ,$4.15,$4.99,709402355250 ,,,,,,,,,,,,,,,,,
,SWM-18,3/8 oz Morning Dawn Swim Jig,$3.00, $-   ,$4.15,$4.99,709402355298,,,,,,,,,,,,,,,,,
,SWM-19,1/2 oz Morning Dawn Swim Jig,$3.00, $-   ,$4.15,$4.99,709402355144 ,,,,,,,,,,,,,,,,,
,SWM-20,3/8 oz Peachy Swim Jig,$3.00, $-   ,$4.15,$4.99,709402355328,,,,,,,,,,,,,,,,,
,SWM-21,1/2 oz Peachy Swim Jig,$3.00, $-   ,$4.15,$4.99,709402355335,,,,,,,,,,,,,,,,,
,SWM-22,3/8 oz Citrus Shad Swim Jig,$3.00, $-   ,$4.15,$4.99,709402355359,,,,,,,,,,,,,,,,,
,SWM-23,1/2 oz Citrus Shad Swim Jig,$3.00, $-   ,$4.15,$4.99,709402355410 ,,,,,,,,,,,,,,,,,
,SWM-24,3/8 oz GP Shad Swim Jig,$3.00, $-   ,$4.15,$4.99,709402355441,,,,,,,,,,,,,,,,,
,SWM-25 ,1/2 oz GP Shad Swim Jig,$3.00, $-   ,$4.15,$4.99,709402355472,,,,,,,,,,,,,,,,,
,SWM-26,3/8 oz Arkansas Shiner Swim Jig,$3.00, $-   ,$4.15,$4.99,709402355502,,,,,,,,,,,,,,,,,
,SWM-27,1/2 oz Arkansas Shiner Swim Jig,$3.00, $-   ,$4.15,$4.99,709402355519,,,,,,,,,,,,,,,,,
,,,,,,,,,,,,,,,,,,,,,,,,
 , ,Football Jigs,,,MAP,MSRP,,,,,,,,,,,,,,,,,,
,FTBL-01,1/2 oz PB&J football jig,$3.00, $-   ,$4.19 ,$4.99 ,709402354314,,,,,,,,,,,,,,,,,
,FTBL-02,3/4 oz PB&J football jig,$3.00, $-   ,$4.19 ,$4.99 ,709402355915,,,,,,,,,,,,,,,,,
,FTBL-03,1/2 oz Perfect Creeper football jig,$3.00, $-   ,$4.19 ,$4.99 ,709402354789,,,,,,,,,,,,,,,,,
,FTBL-04,3/4 oz Perfect Creeper football jig,$3.00, $-   ,$4.19 ,$4.99 ,709402355953,,,,,,,,,,,,,,,,,
,FTBL-05,1/2 oz Black n Blue football jig,$3.00, $-   ,$4.19 ,$4.99 ,709402355045,,,,,,,,,,,,,,,,,
,FTBL-06,3/4 oz Black n Blue football jig,$3.00, $-   ,$4.19 ,$4.99 ,709402355977,,,,,,,,,,,,,,,,,
,FTBL-07,1/2 oz Green Pumpkin football jig,$3.00, $-   ,$4.19 ,$4.99 ,709402354772,,,,,,,,,,,,,,,,,
,FTBL-08,3/4 oz Green Pumpkin football jig,$3.00, $-   ,$4.19 ,$4.99 ,709402355960,,,,,,,,,,,,,,,,,
,FTBL-09,1/2 oz Rotten Watermelon football jig,$3.00, $-   ,$4.19 ,$4.99 ,709402354802,,,,,,,,,,,,,,,,,
,FTBL-10,3/4 oz Rotten Watermelon football jig,$3.00, $-   ,$4.19 ,$4.99 ,709402357278,,,,,,,,,,,,,,,,,
,FTBL-11,1/2 oz Green Pumpkin Orange football jig,$3.00, $-   ,$4.19 ,$4.99 ,709402354574,,,,,,,,,,,,,,,,,
,FTBL-12,3/4 oz Green Pumpkin Orange football jig,$3.00, $-   ,$4.19 ,$4.99 ,709402356035,,,,,,,,,,,,,,,,,
,FTBL-17,1/2 oz Phantom Craw football jig,$3.00, $-   ,$4.19 ,$4.99 ,709402355205,,,,,,,,,,,,,,,,,
,FTBL-18,3/4 oz Phantom Craw football jig,$3.00, $-   ,$4.19 ,$4.99 ,709402356028,,,,,,,,,,,,,,,,,
,FTBL-19,1/2 oz Camo Craw Red football jig,$3.00, $-   ,$4.19 ,$4.99 ,709402354673,,,,,,,,,,,,,,,,,
,FTBL-20,3/4 oz Camo Craw Red football jig,$3.00, $-   ,$4.19 ,$4.99 ,709402356066,,,,,,,,,,,,,,,,,
,FTBL-23,1/2 oz Camo Craw Orange football jig,$3.00, $-   ,$4.19 ,$4.99 ,709402354345,,,,,,,,,,,,,,,,,
,FTBL-24,3/4 oz Camo Craw Orange football jig,$3.00, $-   ,$4.19 ,$4.99 ,709402356011,,,,,,,,,,,,,,,,,
,FTBL-25,1/2 oz Sour Grape football jig,$3.00, $-   ,$4.19 ,$4.99 ,709402356271,,,,,,,,,,,,,,,,,
,FTBL-26,3/4 oz Sour Grape football jig,$3.00, $-   ,$4.19 ,$4.99 ,709402356288,,,,,,,,,,,,,,,,,
,FTBL-27,1/2 oz South African Special football jig,$3.00, $-   ,$4.19 ,$4.99 ,709402357254,,,,,,,,,,,,,,,,,
,FTBL-28,3/4 oz South African Special football jig,$3.00, $-   ,$4.19 ,$4.99 ,709402357261,,,,,,,,,,,,,,,,,
,FTBL-29,1/2 oz Westrock Crawler football jig,$3.00, $-   ,$4.19 ,$4.99 ,709402357377,,,,,,,,,,,,,,,,,
,FTBL-30,3/4 oz Westrock Crawler football jig,$3.00, $-   ,$4.19 ,$4.99 ,709402357384,,,,,,,,,,,,,,,,,
,FTBL-33,1/2 oz Watermelon Red football jig,$3.00, $-   ,$4.19 ,$4.99 ,709402358084,,,,,,,,,,,,,,,,,
,FTBL-34,3/4 oz Watermelon Red football jig,$3.00, $-   ,$4.19 ,$4.99 ,709402358091,,,,,,,,,,,,,,,,,
,FBTL-35,1/2 oz Watermelon Candy football jig,$3.00, $-   ,$4.19 ,$4.99 ,709402358060,,,,,,,,,,,,,,,,,
,FTBL-36,3/4 oz Watermelon Candy football jig,$3.00, $-   ,$4.19 ,$4.99 ,709402358077,,,,,,,,,,,,,,,,,
,,,,,,,,,,,,,,,,,,,,,,,,
,,Flat Out Jig,,,,,,,,,,,,,,,,,,,,,,
,FLOJ-04,3/8 oz JuneBug Flat out jig,$3.00, $-   ,$0.00 ,$4.99 ,709402358671,,,,,,,,,,,,,,,,,
,FLOJ-05,1/2 oz JuneBug Flat Out Jig,$3.00, $-   ,$0.00 ,$4.99 ,709402358688,,,,,,,,,,,,,,,,,
,FLOJ-06,3/4 oz Junebug Flat Out jig,$3.00, $-   ,$0.00 ,$4.99 ,709402358701,,,,,,,,,,,,,,,,,
,FLOJ-07,3/8 oz Blue Grass Flat Out jig,$3.00, $-   ,$0.00 ,$4.99 ,709402358749,,,,,,,,,,,,,,,,,
,FLOJ-08,1/2 oz Blue Grass Flat Out jig,$3.00, $-   ,$0.00 ,$4.99 ,709402358756,,,,,,,,,,,,,,,,,
,FLOJ-09,3/4 oz Blue Grass Flat Out jig,$3.00, $-   ,$0.00 ,$4.99 ,709402358763,,,,,,,,,,,,,,,,,
,FLOJ-10,3/8 oz Black n Blue Flat Out jig,$3.00, $-   ,$0.00 ,$4.99 ,709402358565,,,,,,,,,,,,,,,,,
,FLOJ-11,1/2 oz Black n Blue Flat Out Jig,$3.00, $-   ,$0.00 ,$4.99 ,709402358572,,,,,,,,,,,,,,,,,
,FLOJ-12,3/4 oz Black n Blue Flat Out jig,$3.00, $-   ,$0.00 ,$4.99 ,709402358589,,,,,,,,,,,,,,,,,
,FLOJ-13,3/8 oz Perfect Creeper Flat Out jig,$3.00, $-   ,$0.00 ,$4.99 ,709402358718,,,,,,,,,,,,,,,,,
,FLOJ-14,1/2 oz Perfect Creeper Flat Out jig,$3.00, $-   ,$0.00 ,$4.99 ,709402358725,,,,,,,,,,,,,,,,,
,FLOJ-15,3/4 oz Perfect Creeper Flat Out jig,$3.00, $-   ,$0.00 ,$4.99 ,709402358732,,,,,,,,,,,,,,,,,
,FLOJ-19,3/8 oz Delta Bug Flat Out jig,$3.00, $-   ,$0.00 ,$4.99 ,709402358183,,,,,,,,,,,,,,,,,
,FLOJ-20,1/2 oz Delta Bug Flat Out jig,$3.00, $-   ,$0.00 ,$4.99 ,709402358190,,,,,,,,,,,,,,,,,
,FLOJ-21,3/4 oz Delta Bug Flat Out jig,$3.00, $-   ,$0.00 ,$4.99 ,709402358602,,,,,,,,,,,,,,,,,
,FLOJ-22,3/8 oz Slumpbuster Flat Out jig,$3.00, $-   ,$0.00 ,$4.99 ,709402358664,,,,,,,,,,,,,,,,,
,FLOJ-23,1/2 oz Slumpbuster Flat Out jig,$3.00, $-   ,$0.00 ,$4.99 ,709402358381,,,,,,,,,,,,,,,,,
,FLOJ-24,3/4 oz Slumpbuster Flat Out jig,$3.00, $-   ,$0.00 ,$4.99 ,709402358695,,,,,,,,,,,,,,,,,
,FLOJ-25,3/8 oz Diamond Craw Flat Out jig,$3.00, $-   ,$0.00 ,$4.99 ,709402358206,,,,,,,,,,,,,,,,,
,FLOJ-26,1/2 oz Diamond Craw Flat Out jig,$3.00, $-   ,$0.00 ,$4.99 ,709402358213,,,,,,,,,,,,,,,,,
,FLOJ-27,3/4 oz Diamond Craw Flat Out jig,$3.00, $-   ,$0.00 ,$4.99 ,709402358534,,,,,,,,,,,,,,,,,
,FLOJ-28,3/8 oz Watermelon Candy Flat Out jig,$3.00, $-   ,$0.00 ,$4.99 ,709402358145,,,,,,,,,,,,,,,,,
,FLOJ-29,1/2 oz Watermelon Candy Flat Out jig,$3.00, $-   ,$0.00 ,$4.99 ,709402358152,,,,,,,,,,,,,,,,,
,FLOJ-30,3/4 oz Watermelon Candy Flat Out jig,$3.00, $-   ,$0.00 ,$4.99 ,709402358626,,,,,,,,,,,,,,,,,
,,,,,,,,,,,,,,,,,,,,,,,,
 , ,"Finesse Swim Jigs (1/4 oz 3/0 hook, 3/8 oz 4/0 hook)",,,MAP,MSRP,,,,,,,,,,,,,,,,,,
,FNSW-01,1/4 oz Baby June finesse swim jig,$3.00, $-   ,$4.19 ,$4.99 ,709402357599,,,,,,,,,,,,,,,,,
,FNSW-02,3/8 oz Baby June finesse swim jig,$3.00, $-   ,$4.19 ,$4.99 ,709402357605,,,,,,,,,,,,,,,,,
,FNSW-03,1/4 oz Bama Bream finesse swim jig,$3.00, $-   ,$4.19 ,$4.99 ,709402357636,,,,,,,,,,,,,,,,,
,FNSW-04,3/8 oz Bama Bream finesse swim jig,$3.00, $-   ,$4.19 ,$4.99 ,709402357643,,,,,,,,,,,,,,,,,
,FNSW-05,1/4 oz Parakeet finesse swim jig,$3.00, $-   ,$4.19 ,$4.99 ,709402354901,,,,,,,,,,,,,,,,,
,FNSW-06,3/8 oz parakeet finesse swim jig,$3.00, $-   ,$4.19 ,$4.99 ,709402354932,,,,,,,,,,,,,,,,,
,FNSW-09,1/4 oz Sunburst finesse swim jig,$3.00, $-   ,$4.19 ,$4.99 ,709402357612,,,,,,,,,,,,,,,,,
,FNSW-10,3/8 oz Sunburst finesse swim jig,$3.00, $-   ,$4.19 ,$4.99 ,709402357629,,,,,,,,,,,,,,,,,
,,,,,,,,,,,,,,,,,,,,,,,,
,,,,,,,,,,,,,,,,,,,,,,,,
,,,,,,,,,,,,,,,,,,,,,,,,
,,501 Jigs,,,MAP,MSRP,,,,,,,,,,,,,,,,,,
,501J-01,3/8 oz PB&J 501 jig,$3.15 , $-   ,$4.19 ,$5.25 ,709402354338,,,,,,,,,,,,,,,,,
,501J-02,1/2 oz PB&J 501 jig,$3.15 , $-   ,$4.19 ,$5.25 ,709402354321,,,,,,,,,,,,,,,,,
,501J-03,5/8 oz PB&J 501 jig,$3.15 , $-   ,$4.19 ,$5.25 ,709402356578,,,,,,,,,,,,,,,,,
,501J-04,3/8 oz Blue Oyster 501 jig,$3.15 , $-   ,$4.19 ,$5.25 ,709402355182,,,,,,,,,,,,,,,,,
,501J-05,1/2 oz Blue Oyster 501 jig,$3.15 , $-   ,$4.19 ,$5.25 ,709402355199,,,,,,,,,,,,,,,,,
,501J-06,5/8 oz Blue Oyster 501 jig,$3.15 , $-   ,$4.19 ,$5.25 ,709402356585,,,,,,,,,,,,,,,,,
,501J-07,3/8 oz Gilly 501 jig,$3.15 , $-   ,$4.19 ,$5.25 ,709402355052,,,,,,,,,,,,,,,,,
,501J-08,1/2 oz Gilly 501 jig,$3.15 , $-   ,$4.19 ,$5.25 ,709402355069,,,,,,,,,,,,,,,,,
,501J-09,5/8 oz Gilly 501 jig,$3.15 , $-   ,$4.19 ,$5.25 ,709402356226,,,,,,,,,,,,,,,,,
,501J-10,3/8 oz Spring Craw 501 jig,$3.15 , $-   ,$4.19 ,$5.25 ,709402355007,,,,,,,,,,,,,,,,,
,501J-11,1/2 oz Spring Craw 501 jig,$3.15 , $-   ,$4.19 ,$5.25 ,709402355014,,,,,,,,,,,,,,,,,
,501J-12,5/8 oz Spring Craw 501 jig,$3.15 , $-   ,$4.19 ,$5.25 ,709402356219,,,,,,,,,,,,,,,,,
,501J-13,3/8 oz Green Pumpkin Orange 501 jig,$3.15 , $-   ,$4.19 ,$5.25 ,709402354451,,,,,,,,,,,,,,,,,
,501J-14,1/2 oz Green Pumpkin Orange 501 jig,$3.15 , $-   ,$4.19 ,$5.25 ,709402354468,,,,,,,,,,,,,,,,,
,501J-15,5/8 oz Green Pumpkin Orange 501 jig,$3.15 , $-   ,$4.19 ,$5.25 ,709402354659,,,,,,,,,,,,,,,,,
,501J-16,3/8 oz Slumpbuster 501 jig,$3.15 , $-   ,$4.19 ,$5.25 ,709402354819,,,,,,,,,,,,,,,,,
,501J-17,1/2 oz Slumpbuster 501 jig,$3.15 , $-   ,$4.19 ,$5.25 ,709402354826,,,,,,,,,,,,,,,,,
,501J-18,5/8 oz Slumpbuster 501 jig,$3.15 , $-   ,$4.19 ,$5.25 ,709402355212,,,,,,,,,,,,,,,,,
,501J-19,3/8 oz Delta Bug 501 jig,$3.15 , $-   ,$4.19 ,$5.25 ,709402356318,,,,,,,,,,,,,,,,,
,501J-20,1/2 oz Delta Bug 501 jig,$3.15 , $-   ,$4.19 ,$5.25 ,709402356325,,,,,,,,,,,,,,,,,
,501J-21,5/8 oz Delta Bug 501 jig,$3.15 , $-   ,$4.19 ,$5.25 ,709402354666,,,,,,,,,,,,,,,,,
,501J-22,3/8 oz Gator Bite 501 jig,$3.15 , $-   ,$4.19 ,$5.25 ,709402355717,,,,,,,,,,,,,,,,,
,501J-23,1/2 oz Gator Bite 501 jig,$3.15 , $-   ,$4.19 ,$5.25 ,709402355724,,,,,,,,,,,,,,,,,
,501J-24,5/8 oz Gator Bite 501 jig,$3.15 , $-   ,$4.19 ,$5.25 ,709402355229,,,,,,,,,,,,,,,,,
,501J-25,3/8 oz Perfect Creeper 501 jig,$3.15 , $-   ,$4.19 ,$5.25 ,709402355861,,,,,,,,,,,,,,,,,
,501J-26,1/2 oz Perfect Creeper 501 jig,$3.15 , $-   ,$4.19 ,$5.25 ,709402355878,,,,,,,,,,,,,,,,,
,501J-27,5/8 oz Perfect Creeper 501 jig,$3.15 , $-   ,$4.19 ,$5.25 ,709402354642,,,,,,,,,,,,,,,,,
,501J-28,3/8 oz Phantom 501 jig,$3.15 , $-   ,$4.19 ,$5.25 ,709402354444,,,,,,,,,,,,,,,,,
,501J-29,1/2 oz Phantom 501 jig,$3.15 , $-   ,$4.19 ,$5.25 ,709402356042,,,,,,,,,,,,,,,,,
,501J-30,5/8 oz Phantom 501 jig,$3.15 , $-   ,$4.19 ,$5.25 ,709402356042,,,,,,,,,,,,,,,,,
,501J-31,3/8 oz Bama Bug 501 jig,$3.15 , $-   ,$4.19 ,$5.25 ,709402356295,,,,,,,,,,,,,,,,,
,501J-32,1/2 oz Bama Bug 501 jig,$3.15 , $-   ,$4.19 ,$5.25 ,709402356301,,,,,,,,,,,,,,,,,
,501J-33,5/8 oz Bama Bug 501 jig,$3.15 , $-   ,$4.19 ,$5.25 ,709402355748,,,,,,,,,,,,,,,,,
,501J-34,3/8 oz Black n Blue 501 jig,$3.15 , $-   ,$4.19 ,$5.25 ,709402354390,,,,,,,,,,,,,,,,,
,501J-35,1/2 oz Black n Blue 501 jig,$3.15 , $-   ,$4.19 ,$5.25 ,709402354406,,,,,,,,,,,,,,,,,
,501J-36,5/8 oz Black n Blue 501 jig,$3.15 , $-   ,$4.19 ,$5.25 ,709402355823,,,,,,,,,,,,,,,,,
,,,,,,,,,,,,,,,,,,,,,,,,
,,Power Finesse Jigs,,,MAP,MSRP,,,,,,,,,,,,,,,,,,
,FNSJ-01,5/16 oz Cowpatty (brown rubber) finesse jig,$3.00, $-   ,$4.19,$4.99,709402357674,,,,,,,,,,,,,,,,,
,FNSJ-02,7/16 oz Cowpatty (brown rubber) finesse jig,$3.00, $-   ,$4.19,$4.99,709402357681,,,,,,,,,,,,,,,,,
,FNSJ-03,5/16 oz Green Pumpkin Orange finesse jig,$3.00, $-   ,$4.19,$4.99,709402354581,,,,,,,,,,,,,,,,,
,FNSJ-04,7/16 oz Green Pumpkin Orange finesse jig,$3.00, $-   ,$4.19,$4.99,709402354598,,,,,,,,,,,,,,,,,
,FNSJ-05,5/16 oz Hammer Craw finesse jig,$3.00, $-   ,$4.19,$4.99,709402357650,,,,,,,,,,,,,,,,,
,FNSJ-06,7/16 oz Hammer Craw finesse jig,$3.00, $-   ,$4.19,$4.99,709402357667,,,,,,,,,,,,,,,,,
,FNSJ-07,5/16 oz Black n Blue finesse jig,$3.00, $-   ,$4.19,$4.99,709402354475,,,,,,,,,,,,,,,,,
,FNSJ-08,7/16 oz Black n Blue finesse jig,$3.00, $-   ,$4.19,$4.99,709402354482,,,,,,,,,,,,,,,,,
,FNSJ-09,5/16 oz Melon Candy finesse jig,$3.00, $-   ,$4.19,$4.99,709402357414,,,,,,,,,,,,,,,,,
,FNSJ-10,7/16 oz Melon Candy finesse jig,$3.00, $-   ,$4.19,$4.99,709402357421,,,,,,,,,,,,,,,,,
,FNSJ-11,5/16 oz PB&J finesse jig,$3.00, $-   ,$4.19,$4.99,709402354291,,,,,,,,,,,,,,,,,
,FNSJ-12,7/16 oz PB&J finesse jig,$3.00, $-   ,$4.19,$4.99,709402354307,,,,,,,,,,,,,,,,,
,FNSJ-13,5/16 oz Perfect Creeper finesse jig,$3.00, $-   ,$4.19,$4.99,709402355670,,,,,,,,,,,,,,,,,
,FNSJ-14,7/16 oz Perfect Creeper finesse jig,$3.00, $-   ,$4.19,$4.99,709402355687,,,,,,,,,,,,,,,,,
,FNSJ-19,5/16 oz Green Pumpkin finesse jig,$3.00, $-   ,$4.19,$4.99,709402355694,,,,,,,,,,,,,,,,,
,FNSJ-20,7/16 oz Green Pumpkin finesse jig,$3.00, $-   ,$4.19,$4.99,709402355700,,,,,,,,,,,,,,,,,
,FNSJ-21,5/16 oz Junebug finesse jig,$3.00, $-   ,$4.19,$4.99,709402357391,,,,,,,,,,,,,,,,,
,FNSJ-22,7/16 oz Junebug finesse jig,$3.00, $-   ,$4.19,$4.99,709402357407,,,,,,,,,,,,,,,,,
,FNSJ-23,5/16 oz Ozark Craw finesse jig,$3.00, $-   ,$4.19,$4.99,709402357728,,,,,,,,,,,,,,,,,
,FNSJ-24,7/16 oz Ozark Craw finesse jig,$3.00, $-   ,$4.19,$4.99,709402357742,,,,,,,,,,,,,,,,,
,SHAK-13,1/2 oz Green Pumpkin shakey head 5pk,$3.00, $-   ,$4.19,$4.99,709402357926,,,,,,,,,,,,,,,,,
,SHAK-15,1/2 oz Black shakey head 5pk,$3.00, $-   ,$4.19,$4.99,709402357940,,,,,,,,,,,,,,,,,
,SHAK-17,3/4 oz Green Pumpkin shakey head 5pk,$3.00, $-   ,$4.19,$4.99,709402357964,,,,,,,,,,,,,,,,,
,SHAK-19,3/4 oz Black shakey head 5pk,$3.00, $-   ,$4.19,$4.99,709402357988,,,,,,,,,,,,,,,,,
,,,,,,,,,,,,,,,,,,,,,,,,
,,New Products (Available Jan 2025),,,MAP,MSRP,,,,,,,,,,,,,,,,,,
,,1/8 oz Black n Blue Smallie ballz, $3.00 , $-   ,$4.19,$4.99,,,,,,,,,,,,,,,,,,
,,3/16 oz Black n Blue Smallie Ballz, $3.00 , $-   ,$4.19,$4.99,,,,,,,,,,,,,,,,,,
,,1/8 oz PB&J Smallie Ballz, $3.00 , $-   ,$4.19,$4.99,,,,,,,,,,,,,,,,,,
,,3/16 oz PB&J Smallie Ballz,$3.00, $-   ,$4.19,$4.99,,,,,,,,,,,,,,,,,,
,,1/8 oz Green Pumpkin Smallie Ballz,$3.00, $-   ,$4.19,$4.99,,,,,,,,,,,,,,,,,,
,,3/16 oz Green Pumpkin Smallie Ballz,$3.00, $-   ,$4.19,$4.99,,,,,,,,,,,,,,,,,,
,,1/8 oz Green Pumpkin Orange Smallie Ballz,$3.00, $-   ,$4.19,$4.99,,,,,,,,,,,,,,,,,,
,,3/16 oz Green Pumpkin Orange Smallie Ballz,$3.00, $-   ,$4.19,$4.99,,,,,,,,,,,,,,,,,,
,,1/8 oz GP Purple Smallie Ballz,$3.00, $-   ,$4.19,$4.99,,,,,,,,,,,,,,,,,,
,,3/16 oz GP Purple Smallie Ballz,$3.00, $-   ,$4.19,$4.99,,,,,,,,,,,,,,,,,,
,,1/8 oz Missouri Craw Smallie Ballz,$3.00, $-   ,$4.19,$4.99,,,,,,,,,,,,,,,,,,
,,3/16 oz Missouri Craw Smallie ballz,$3.00, $-   ,$4.19,$4.99,,,,,,,,,,,,,,,,,,
,,,,,,,,,,,,,,,,,,,,,,,,
,,,,,,,,,,,,,,,,,,,,,,,,
,,,,,,,,,,,,,,,,,,,,,,,,
,,,,,,,,,,,,,,,,,,,,,,,,
,,,,,,,,,,,,,,,,,,,,,,,,
,,B-Ned Ned Rig,,,,,,,,,,,,,,,,,,,,,,
,BNED-01,1/8 oz B-Ned ned rig,$3.00, $-   ,$4.19,$4.99,709402358473,,,,,,,,,,,,,,,,,
,BNED-02,3/16 oz B-Ned ned rig,$3.00, $-   ,$4.19,$4.99,709402358480,,,,,,,,,,,,,,,,,
,BNED-03,1/4 oz B-Ned ned rig,$3.00, $-   ,$4.19,$4.99,709402358497,,,,,,,,,,,,,,,,,
,,,,,,,,,,,,,,,,,,,,,,,,
,,TKO FFS Head,,,,,,,,,,,,,,,,,,,,,,
,TKO-01,1/4 oz TKO FFS head (chrome),$3.60, $-   ,$0.00,$5.99,709402358817,,,,,,,,,,,,,,,,,
,TKO-02,3/8 oz TKO FFS head (Chrome),$3.60, $-   ,$0.00,$5.99,709402358824,,,,,,,,,,,,,,,,,
,TKO-03,1/2 oz TKO FFS head (chrome),$3.60, $-   ,$0.00,$5.99,709402358831,,,,,,,,,,,,,,,,,
,TKO-04,1/8 oz TKO FFS head (chrome),$3.60, $-   ,$0.00,$5.99,709402358855,,,,,,,,,,,,,,,,,
,,,,,,,,,,,,,,,,,,,,,,,,
,,Skirted TKO FFS Head,,,,,,,,,,,,,,,,,,,,,,
,TKO-05,1/8 oz White Skirted TKO FFS head ,$3.60, $-   ,$4.19,$5.99,709402358169,,,,,,,,,,,,,,,,,
,TKO-06,1/4 oz White Skirted TKO FFS head ,$3.60, $-   ,$4.19,$5.99,709402358176,,,,,,,,,,,,,,,,,
,TKO-07,3/8 oz White Skirted TKO FFS head ,$3.60, $-   ,$4.19,$5.99,709402358558,,,,,,,,,,,,,,,,,
,TKO-08,1/2 oz White Skirted TKO FFS head ,$3.60, $-   ,$4.19,$5.99,709402358633,,,,,,,,,,,,,,,,,
,TKO-09,1/8 oz Spot Remover Skirted TKO FFS head ,$3.60, $-   ,$4.19,$5.99,709402358640,,,,,,,,,,,,,,,,,
,TKO-10,1/4 oz Spot Remover Skirted TKO FFS head ,$3.60, $-   ,$4.19,$5.99,709402358657,,,,,,,,,,,,,,,,,
,TKO-11,3/8 oz Spot Remover Skirted TKO FFS head ,$3.60, $-   ,$4.19,$5.99,709402358107,,,,,,,,,,,,,,,,,
,TKO-12,1/2 oz Spot Remover Skirted TKO FFS head ,$3.60, $-   ,$4.19,$5.99,709402358114,,,,,,,,,,,,,,,,,
,TKO-13,1/8 oz Wagasaki Skirted TKO FFS head ,$3.60, $-   ,$4.19,$5.99,709402358596,,,,,,,,,,,,,,,,,
,TKO-14,1/4 oz Wagasaki Skirted TKO FFS head ,$3.60, $-   ,$4.19,$5.99,709402354628,,,,,,,,,,,,,,,,,
,TKO-15,3/8 oz Wagasaki Skirted TKO FFS head ,$3.60, $-   ,$4.19,$5.99,709402354635,,,,,,,,,,,,,,,,,
,TKO-16,1/2 oz Wagasaki Skirted TKO FFS head ,$3.60, $-   ,$4.19,$5.99,709402357209,,,,,,,,,,,,,,,,,
,TKO-17,1/8 oz Ayu Skirted TKO FFS head ,$3.60, $-   ,$4.19,$5.99,709402355106,,,,,,,,,,,,,,,,,
,TKO-18,1/4 oz Ayu Skirted TKO FFS head ,$3.60, $-   ,$4.19,$5.99,709402358121,,,,,,,,,,,,,,,,,
,TKO-19,3/8 oz Ayu Skirted TKO FFS head ,$3.60, $-   ,$4.19,$5.99,709402358138,,,,,,,,,,,,,,,,,
,TKO-20,1/2 oz Ayu Skirted TKO FFS head ,$3.60, $-   ,$4.19,$5.99,709402358541,,,,,,,,,,,,,,,,,
,,,,,,,,,,,,,,,,,,,,,,,,
0,Total, $500 = Free Shipping                                                      PO TOTAL,, $-   ,,,,,,,,,,,,,,,,,,,,
,,,,,,,,,,,,,,,,,,,,,,,,
,,,,,,,,,,,,,,,,,,,,,,,,
,,,,,,,,,,,,,,,,,,,,,,,,
,,,,,,,,,,,,,,,,,,,,,,,,
,,,,,,,,,,,,,,,,,,,,,,,,
,,,,,,,,,,,,,,,,,,,,,,,,
,,,,,,,,,,,,,,,,,,,,,,,,
,,,,,,,,,,,,,,,,,,,,,,,,
,,,,,,,,,,,,,,,,,,,,,,,,
,,,,,,,,,,,,,,,,,,,,,,,,
,,,,,,,,,,,,,,,,,,,,,,,,
,,,,,,,,,,,,,,,,,,,,,,,,
,,,,,,,,,,,,,,,,,,,,,,,,
,,,,,,,,,,,,,,,,,,,,,,,,
,,,,,,,,,,,,,,,,,,,,,,,,
,,,,,,,,,,,,,,,,,,,,,,,,
,,,,,,,,,,,,,,,,,,,,,,,,
,,,,,,,,,,,,,,,,,,,,,,,,
,,,,,,,,,,,,,,,,,,,,,,,,
,,,,,,,,,,,,,,,,,,,,,,,,
,,,,,,,,,,,,,,,,,,,,,,,,
,,,,,,,,,,,,,,,,,,,,,,,,
,,,,,,,,,,,,,,,,,,,,,,,,
,,,,,,,,,,,,,,,,,,,,,,,,
,,,,,,,,,,,,,,,,,,,,,,,,
,,,,,,,,,,,,,,,,,,,,,,,,
,,,,,,,,,,,,,,,,,,,,,,,,
,,,,,,,,,,,,,,,,,,,,,,,,
,,,,,,,,,,,,,,,,,,,,,,,,
,,,,,,,,,,,,,,,,,,,,,,,,
,,,,,,,,,,,,,,,,,,,,,,,,
,,,,,,,,,,,,,,,,,,,,,,,,
,,,,,,,,,,,,,,,,,,,,,,,,
,,,,,,,,,,,,,,,,,,,,,,,,
,,,,,,,,,,,,,,,,,,,,,,,,
,,,,,,,,,,,,,,,,,,,,,,,,
,,,,,,,,,,,,,,,,,,,,,,,,
,,,,,,,,,,,,,,,,,,,,,,,,
,,,,,,,,,,,,,,,,,,,,,,,,
,,,,,,,,,,,,,,,,,,,,,,,,
,,,,,,,,,,,,,,,,,,,,,,,,
,,,,,,,,,,,,,,,,,,,,,,,,
,,,,,,,,,,,,,,,,,,,,,,,,
,,,,,,,,,,,,,,,,,,,,,,,,
,,,,,,,,,,,,,,,,,,,,,,,,
,,,,,,,,,,,,,,,,,,,,,,,,
,,,,,,,,,,,,,,,,,,,,,,,,
,,,,,,,,,,,,,,,,,,,,,,,,
,,,,,,,,,,,,,,,,,,,,,,,,
,,,,,,,,,,,,,,,,,,,,,,,,
,,,,,,,,,,,,,,,,,,,,,,,,
,,,,,,,,,,,,,,,,,,,,,,,,
,,,,,,,,,,,,,,,,,,,,,,,,
,,,,,,,,,,,,,,,,,,,,,,,,
,,,,,,,,,,,,,,,,,,,,,,,,
,,,,,,,,,,,,,,,,,,,,,,,,
,,,,,,,,,,,,,,,,,,,,,,,,
,,,,,,,,,,,,,,,,,,,,,,,,
,,,,,,,,,,,,,,,,,,,,,,,,
,,,,,,,,,,,,,,,,,,,,,,,,
,,,,,,,,,,,,,,,,,,,,,,,,
,,,,,,,,,,,,,,,,,,,,,,,,
,,,,,,,,,,,,,,,,,,,,,,,,
,,,,,,,,,,,,,,,,,,,,,,,,
,,,,,,,,,,,,,,,,,,,,,,,,
,,,,,,,,,,,,,,,,,,,,,,,,
,,,,,,,,,,,,,,,,,,,,,,,,
,,,,,,,,,,,,,,,,,,,,,,,,
,,,,,,,,,,,,,,,,,,,,,,,,
,,,,,,,,,,,,,,,,,,,,,,,,
,,,,,,,,,,,,,,,,,,,,,,,,
,,,,,,,,,,,,,,,,,,,,,,,,
,,,,,,,,,,,,,,,,,,,,,,,,
,,,,,,,,,,,,,,,,,,,,,,,,
,,,,,,,,,,,,,,,,,,,,,,,,
,,,,,,,,,,,,,,,,,,,,,,,,
,,,,,,,,,,,,,,,,,,,,,,,,
,,,,,,,,,,,,,,,,,,,,,,,,
,,,,,,,,,,,,,,,,,,,,,,,,
,,,,,,,,,,,,,,,,,,,,,,,,
,,,,,,,,,,,,,,,,,,,,,,,,
,,,,,,,,,,,,,,,,,,,,,,,,
,,,,,,,,,,,,,,,,,,,,,,,,
,,,,,,,,,,,,,,,,,,,,,,,,
,,,,,,,,,,,,,,,,,,,,,,,,
,,,,,,,,,,,,,,,,,,,,,,,,
,,,,,,,,,,,,,,,,,,,,,,,,
,,,,,,,,,,,,,,,,,,,,,,,,
,,,,,,,,,,,,,,,,,,,,,,,,
,,,,,,,,,,,,,,,,,,,,,,,,
,,,,,,,,,,,,,,,,,,,,,,,,
,,,,,,,,,,,,,,,,,,,,,,,,
,,,,,,,,,,,,,,,,,,,,,,,,
,,,,,,,,,,,,,,,,,,,,,,,,
,,,,,,,,,,,,,,,,,,,,,,,,
,,,,,,,,,,,,,,,,,,,,,,,,
,,,,,,,,,,,,,,,,,,,,,,,,
,,,,,,,,,,,,,,,,,,,,,,,,
,,,,,,,,,,,,,,,,,,,,,,,,
,,,,,,,,,,,,,,,,,,,,,,,,
,,,,,,,,,,,,,,,,,,,,,,,,
,,,,,,,,,,,,,,,,,,,,,,,,
,,,,,,,,,,,,,,,,,,,,,,,,
,,,,,,,,,,,,,,,,,,,,,,,,
,,,,,,,,,,,,,,,,,,,,,,,,
,,,,,,,,,,,,,,,,,,,,,,,,
,,,,,,,,,,,,,,,,,,,,,,,,
,,,,,,,,,,,,,,,,,,,,,,,,
,,,,,,,,,,,,,,,,,,,,,,,,
,,,,,,,,,,,,,,,,,,,,,,,,
,,,,,,,,,,,,,,,,,,,,,,,,
,,,,,,,,,,,,,,,,,,,,,,,,
,,,,,,,,,,,,,,,,,,,,,,,,
,,,,,,,,,,,,,,,,,,,,,,,,
,,,,,,,,,,,,,,,,,,,,,,,,
,,,,,,,,,,,,,,,,,,,,,,,,
,,,,,,,,,,,,,,,,,,,,,,,,
,,,,,,,,,,,,,,,,,,,,,,,,
,,,,,,,,,,,,,,,,,,,,,,,,
,,,,,,,,,,,,,,,,,,,,,,,,
,,,,,,,,,,,,,,,,,,,,,,,,
,,,,,,,,,,,,,,,,,,,,,,,,
,,,,,,,,,,,,,,,,,,,,,,,,
,,,,,,,,,,,,,,,,,,,,,,,,
,,,,,,,,,,,,,,,,,,,,,,,,
,,,,,,,,,,,,,,,,,,,,,,,,
,,,,,,,,,,,,,,,,,,,,,,,,
,,,,,,,,,,,,,,,,,,,,,,,,
,,,,,,,,,,,,,,,,,,,,,,,,
,,,,,,,,,,,,,,,,,,,,,,,,
,,,,,,,,,,,,,,,,,,,,,,,,
,,,,,,,,,,,,,,,,,,,,,,,,
,,,,,,,,,,,,,,,,,,,,,,,,
,,,,,,,,,,,,,,,,,,,,,,,,
,,,,,,,,,,,,,,,,,,,,,,,,
,,,,,,,,,,,,,,,,,,,,,,,,
,,,,,,,,,,,,,,,,,,,,,,,,
,,,,,,,,,,,,,,,,,,,,,,,,
,,,,,,,,,,,,,,,,,,,,,,,,
,,,,,,,,,,,,,,,,,,,,,,,,
,,,,,,,,,,,,,,,,,,,,,,,,
,,,,,,,,,,,,,,,,,,,,,,,,
,,,,,,,,,,,,,,,,,,,,,,,,
,,,,,,,,,,,,,,,,,,,,,,,,
,,,,,,,,,,,,,,,,,,,,,,,,
,,,,,,,,,,,,,,,,,,,,,,,,
,,,,,,,,,,,,,,,,,,,,,,,,
,,,,,,,,,,,,,,,,,,,,,,,,
,,,,,,,,,,,,,,,,,,,,,,,,
,,,,,,,,,,,,,,,,,,,,,,,,
,,,,,,,,,,,,,,,,,,,,,,,,
,,,,,,,,,,,,,,,,,,,,,,,,
,,,,,,,,,,,,,,,,,,,,,,,,
,,,,,,,,,,,,,,,,,,,,,,,,
,,,,,,,,,,,,,,,,,,,,,,,,
,,,,,,,,,,,,,,,,,,,,,,,,
,,,,,,,,,,,,,,,,,,,,,,,,
,,,,,,,,,,,,,,,,,,,,,,,,
,,,,,,,,,,,,,,,,,,,,,,,,
,,,,,,,,,,,,,,,,,,,,,,,,
,,,,,,,,,,,,,,,,,,,,,,,,
,,,,,,,,,,,,,,,,,,,,,,,,
,,,,,,,,,,,,,,,,,,,,,,,,
,,,,,,,,,,,,,,,,,,,,,,,,
,,,,,,,,,,,,,,,,,,,,,,,,
,,,,,,,,,,,,,,,,,,,,,,,,
,,,,,,,,,,,,,,,,,,,,,,,,
,,,,,,,,,,,,,,,,,,,,,,,,
,,,,,,,,,,,,,,,,,,,,,,,,
,,,,,,,,,,,,,,,,,,,,,,,,
,,,,,,,,,,,,,,,,,,,,,,,,
,,,,,,,,,,,,,,,,,,,,,,,,
,,,,,,,,,,,,,,,,,,,,,,,,
,,,,,,,,,,,,,,,,,,,,,,,,
,,,,,,,,,,,,,,,,,,,,,,,,
,,,,,,,,,,,,,,,,,,,,,,,,
,,,,,,,,,,,,,,,,,,,,,,,,
,,,,,,,,,,,,,,,,,,,,,,,,
,,,,,,,,,,,,,,,,,,,,,,,,
,,,,,,,,,,,,,,,,,,,,,,,,
,,,,,,,,,,,,,,,,,,,,,,,,
,,,,,,,,,,,,,,,,,,,,,,,,
,,,,,,,,,,,,,,,,,,,,,,,,
,,,,,,,,,,,,,,,,,,,,,,,,
,,,,,,,,,,,,,,,,,,,,,,,,
,,,,,,,,,,,,,,,,,,,,,,,,
,,,,,,,,,,,,,,,,,,,,,,,,
,,,,,,,,,,,,,,,,,,,,,,,,
,,,,,,,,,,,,,,,,,,,,,,,,
,,,,,,,,,,,,,,,,,,,,,,,,
,,,,,,,,,,,,,,,,,,,,,,,,
,,,,,,,,,,,,,,,,,,,,,,,,
,,,,,,,,,,,,,,,,,,,,,,,,
,,,,,,,,,,,,,,,,,,,,,,,,
,,,,,,,,,,,,,,,,,,,,,,,,
,,,,,,,,,,,,,,,,,,,,,,,,
,,,,,,,,,,,,,,,,,,,,,,,,
,,,,,,,,,,,,,,,,,,,,,,,,
,,,,,,,,,,,,,,,,,,,,,,,,
,,,,,,,,,,,,,,,,,,,,,,,,
,,,,,,,,,,,,,,,,,,,,,,,,
,,,,,,,,,,,,,,,,,,,,,,,,
,,,,,,,,,,,,,,,,,,,,,,,,
,,,,,,,,,,,,,,,,,,,,,,,,
,,,,,,,,,,,,,,,,,,,,,,,,
,,,,,,,,,,,,,,,,,,,,,,,,
,,,,,,,,,,,,,,,,,,,,,,,,
,,,,,,,,,,,,,,,,,,,,,,,,
,,,,,,,,,,,,,,,,,,,,,,,,
,,,,,,,,,,,,,,,,,,,,,,,,
,,,,,,,,,,,,,,,,,,,,,,,,
,,,,,,,,,,,,,,,,,,,,,,,,
,,,,,,,,,,,,,,,,,,,,,,,,
,,,,,,,,,,,,,,,,,,,,,,,,
,,,,,,,,,,,,,,,,,,,,,,,,
,,,,,,,,,,,,,,,,,,,,,,,,
,,,,,,,,,,,,,,,,,,,,,,,,
,,,,,,,,,,,,,,,,,,,,,,,,
,,,,,,,,,,,,,,,,,,,,,,,,
,,,,,,,,,,,,,,,,,,,,,,,,
,,,,,,,,,,,,,,,,,,,,,,,,
,,,,,,,,,,,,,,,,,,,,,,,,
,,,,,,,,,,,,,,,,,,,,,,,,
,,,,,,,,,,,,,,,,,,,,,,,,
,,,,,,,,,,,,,,,,,,,,,,,,
,,,,,,,,,,,,,,,,,,,,,,,,
,,,,,,,,,,,,,,,,,,,,,,,,
,,,,,,,,,,,,,,,,,,,,,,,,
,,,,,,,,,,,,,,,,,,,,,,,,
,,,,,,,,,,,,,,,,,,,,,,,,
,,,,,,,,,,,,,,,,,,,,,,,,
,,,,,,,,,,,,,,,,,,,,,,,,
,,,,,,,,,,,,,,,,,,,,,,,,
,,,,,,,,,,,,,,,,,,,,,,,,
,,,,,,,,,,,,,,,,,,,,,,,,
,,,,,,,,,,,,,,,,,,,,,,,,
,,,,,,,,,,,,,,,,,,,,,,,,
,,,,,,,,,,,,,,,,,,,,,,,,
,,,,,,,,,,,,,,,,,,,,,,,,
,,,,,,,,,,,,,,,,,,,,,,,,
,,,,,,,,,,,,,,,,,,,,,,,,
,,,,,,,,,,,,,,,,,,,,,,,,
,,,,,,,,,,,,,,,,,,,,,,,,
,,,,,,,,,,,,,,,,,,,,,,,,
,,,,,,,,,,,,,,,,,,,,,,,,
,,,,,,,,,,,,,,,,,,,,,,,,
,,,,,,,,,,,,,,,,,,,,,,,,
,,,,,,,,,,,,,,,,,,,,,,,,
,,,,,,,,,,,,,,,,,,,,,,,,
,,,,,,,,,,,,,,,,,,,,,,,,
,,,,,,,,,,,,,,,,,,,,,,,,
,,,,,,,,,,,,,,,,,,,,,,,,
,,,,,,,,,,,,,,,,,,,,,,,,
,,,,,,,,,,,,,,,,,,,,,,,,
,,,,,,,,,,,,,,,,,,,,,,,,
,,,,,,,,,,,,,,,,,,,,,,,,
,,,,,,,,,,,,,,,,,,,,,,,,
,,,,,,,,,,,,,,,,,,,,,,,,
,,,,,,,,,,,,,,,,,,,,,,,,
,,,,,,,,,,,,,,,,,,,,,,,,
,,,,,,,,,,,,,,,,,,,,,,,,
,,,,,,,,,,,,,,,,,,,,,,,,
,,,,,,,,,,,,,,,,,,,,,,,,
,,,,,,,,,,,,,,,,,,,,,,,,
,,,,,,,,,,,,,,,,,,,,,,,,
,,,,,,,,,,,,,,,,,,,,,,,,
,,,,,,,,,,,,,,,,,,,,,,,,
,,,,,,,,,,,,,,,,,,,,,,,,
,,,,,,,,,,,,,,,,,,,,,,,,
,,,,,,,,,,,,,,,,,,,,,,,,
,,,,,,,,,,,,,,,,,,,,,,,,
,,,,,,,,,,,,,,,,,,,,,,,,
,,,,,,,,,,,,,,,,,,,,,,,,
,,,,,,,,,,,,,,,,,,,,,,,,
,,,,,,,,,,,,,,,,,,,,,,,,
,,,,,,,,,,,,,,,,,,,,,,,,
,,,,,,,,,,,,,,,,,,,,,,,,
,,,,,,,,,,,,,,,,,,,,,,,,
,,,,,,,,,,,,,,,,,,,,,,,,
,,,,,,,,,,,,,,,,,,,,,,,,
,,,,,,,,,,,,,,,,,,,,,,,,
,,,,,,,,,,,,,,,,,,,,,,,,
,,,,,,,,,,,,,,,,,,,,,,,,
,,,,,,,,,,,,,,,,,,,,,,,,
,,,,,,,,,,,,,,,,,,,,,,,,
,,,,,,,,,,,,,,,,,,,,,,,,
,,,,,,,,,,,,,,,,,,,,,,,,
,,,,,,,,,,,,,,,,,,,,,,,,
,,,,,,,,,,,,,,,,,,,,,,,,
,,,,,,,,,,,,,,,,,,,,,,,,
,,,,,,,,,,,,,,,,,,,,,,,,
,,,,,,,,,,,,,,,,,,,,,,,,
,,,,,,,,,,,,,,,,,,,,,,,,
,,,,,,,,,,,,,,,,,,,,,,,,
,,,,,,,,,,,,,,,,,,,,,,,,
,,,,,,,,,,,,,,,,,,,,,,,,
,,,,,,,,,,,,,,,,,,,,,,,,
,,,,,,,,,,,,,,,,,,,,,,,,
,,,,,,,,,,,,,,,,,,,,,,,,
,,,,,,,,,,,,,,,,,,,,,,,,
,,,,,,,,,,,,,,,,,,,,,,,,
,,,,,,,,,,,,,,,,,,,,,,,,
,,,,,,,,,,,,,,,,,,,,,,,,
,,,,,,,,,,,,,,,,,,,,,,,,
,,,,,,,,,,,,,,,,,,,,,,,,
,,,,,,,,,,,,,,,,,,,,,,,,
,,,,,,,,,,,,,,,,,,,,,,,,
,,,,,,,,,,,,,,,,,,,,,,,,
,,,,,,,,,,,,,,,,,,,,,,,,
,,,,,,,,,,,,,,,,,,,,,,,,
,,,,,,,,,,,,,,,,,,,,,,,,
,,,,,,,,,,,,,,,,,,,,,,,,
,,,,,,,,,,,,,,,,,,,,,,,,
,,,,,,,,,,,,,,,,,,,,,,,,
,,,,,,,,,,,,,,,,,,,,,,,,
,,,,,,,,,,,,,,,,,,,,,,,,
,,,,,,,,,,,,,,,,,,,,,,,,
,,,,,,,,,,,,,,,,,,,,,,,,
,,,,,,,,,,,,,,,,,,,,,,,,
,,,,,,,,,,,,,,,,,,,,,,,,
,,,,,,,,,,,,,,,,,,,,,,,,
,,,,,,,,,,,,,,,,,,,,,,,,
,,,,,,,,,,,,,,,,,,,,,,,,
,,,,,,,,,,,,,,,,,,,,,,,,
,,,,,,,,,,,,,,,,,,,,,,,,
,,,,,,,,,,,,,,,,,,,,,,,,
,,,,,,,,,,,,,,,,,,,,,,,,
,,,,,,,,,,,,,,,,,,,,,,,,
,,,,,,,,,,,,,,,,,,,,,,,,
,,,,,,,,,,,,,,,,,,,,,,,,
,,,,,,,,,,,,,,,,,,,,,,,,
,,,,,,,,,,,,,,,,,,,,,,,,
,,,,,,,,,,,,,,,,,,,,,,,,
,,,,,,,,,,,,,,,,,,,,,,,,
,,,,,,,,,,,,,,,,,,,,,,,,
,,,,,,,,,,,,,,,,,,,,,,,,
,,,,,,,,,,,,,,,,,,,,,,,,
,,,,,,,,,,,,,,,,,,,,,,,,
,,,,,,,,,,,,,,,,,,,,,,,,
,,,,,,,,,,,,,,,,,,,,,,,,
,,,,,,,,,,,,,,,,,,,,,,,,
,,,,,,,,,,,,,,,,,,,,,,,,
,,,,,,,,,,,,,,,,,,,,,,,,
,,,,,,,,,,,,,,,,,,,,,,,,
,,,,,,,,,,,,,,,,,,,,,,,,
,,,,,,,,,,,,,,,,,,,,,,,,
,,,,,,,,,,,,,,,,,,,,,,,,
,,,,,,,,,,,,,,,,,,,,,,,,
,,,,,,,,,,,,,,,,,,,,,,,,
,,,,,,,,,,,,,,,,,,,,,,,,
,,,,,,,,,,,,,,,,,,,,,,,,
,,,,,,,,,,,,,,,,,,,,,,,,
,,,,,,,,,,,,,,,,,,,,,,,,
,,,,,,,,,,,,,,,,,,,,,,,,
,,,,,,,,,,,,,,,,,,,,,,,,
,,,,,,,,,,,,,,,,,,,,,,,,
,,,,,,,,,,,,,,,,,,,,,,,,
,,,,,,,,,,,,,,,,,,,,,,,,
,,,,,,,,,,,,,,,,,,,,,,,,
,,,,,,,,,,,,,,,,,,,,,,,,
,,,,,,,,,,,,,,,,,,,,,,,,
,,,,,,,,,,,,,,,,,,,,,,,,
,,,,,,,,,,,,,,,,,,,,,,,,
,,,,,,,,,,,,,,,,,,,,,,,,
,,,,,,,,,,,,,,,,,,,,,,,,
,,,,,,,,,,,,,,,,,,,,,,,,
,,,,,,,,,,,,,,,,,,,,,,,,
,,,,,,,,,,,,,,,,,,,,,,,,
,,,,,,,,,,,,,,,,,,,,,,,,
,,,,,,,,,,,,,,,,,,,,,,,,
,,,,,,,,,,,,,,,,,,,,,,,,
,,,,,,,,,,,,,,,,,,,,,,,,
,,,,,,,,,,,,,,,,,,,,,,,,
,,,,,,,,,,,,,,,,,,,,,,,,
,,,,,,,,,,,,,,,,,,,,,,,,
,,,,,,,,,,,,,,,,,,,,,,,,
,,,,,,,,,,,,,,,,,,,,,,,,
,,,,,,,,,,,,,,,,,,,,,,,,
,,,,,,,,,,,,,,,,,,,,,,,,
,,,,,,,,,,,,,,,,,,,,,,,,
,,,,,,,,,,,,,,,,,,,,,,,,
,,,,,,,,,,,,,,,,,,,,,,,,
,,,,,,,,,,,,,,,,,,,,,,,,
,,,,,,,,,,,,,,,,,,,,,,,,
,,,,,,,,,,,,,,,,,,,,,,,,
,,,,,,,,,,,,,,,,,,,,,,,,
,,,,,,,,,,,,,,,,,,,,,,,,
,,,,,,,,,,,,,,,,,,,,,,,,
,,,,,,,,,,,,,,,,,,,,,,,,
,,,,,,,,,,,,,,,,,,,,,,,,
,,,,,,,,,,,,,,,,,,,,,,,,
,,,,,,,,,,,,,,,,,,,,,,,,
,,,,,,,,,,,,,,,,,,,,,,,,
,,,,,,,,,,,,,,,,,,,,,,,,
,,,,,,,,,,,,,,,,,,,,,,,,
,,,,,,,,,,,,,,,,,,,,,,,,
,,,,,,,,,,,,,,,,,,,,,,,,
,,,,,,,,,,,,,,,,,,,,,,,,
,,,,,,,,,,,,,,,,,,,,,,,,
,,,,,,,,,,,,,,,,,,,,,,,,
,,,,,,,,,,,,,,,,,,,,,,,,
,,,,,,,,,,,,,,,,,,,,,,,,
,,,,,,,,,,,,,,,,,,,,,,,,
,,,,,,,,,,,,,,,,,,,,,,,,
,,,,,,,,,,,,,,,,,,,,,,,,
,,,,,,,,,,,,,,,,,,,,,,,,
,,,,,,,,,,,,,,,,,,,,,,,,
,,,,,,,,,,,,,,,,,,,,,,,,
,,,,,,,,,,,,,,,,,,,,,,,,
,,,,,,,,,,,,,,,,,,,,,,,,
,,,,,,,,,,,,,,,,,,,,,,,,
,,,,,,,,,,,,,,,,,,,,,,,,
,,,,,,,,,,,,,,,,,,,,,,,,
,,,,,,,,,,,,,,,,,,,,,,,,
