*,,,,,,,,,,
*,,,,,,,,,,
,,,,,,,,,,
,,,,,,,,,,
,,,,,,,,,,
Dealer Price Sheet,,,,,,,,,,
*,PURCHASE ORDER,,,,,,,,,
Purchase Order #:,,,,,,,,,,
Order Date:,,,,,,,,,,
Requested Ship Date,,,,,,,,,,
Bill to Customer:,,,,,,,,,,
Buyers Name:,,,,,,,,,,
Street Address:,,,,,,,,,,
P.O. Box:,,,,Send Payments to:,,,,,,
"City, State, Zip:",,,,J Bro's Lures,,,,,,
Phone #:,,,,Larry W. Johnson,,,,,,
Fax #:,,,,5672 Glena St ,,,,,,
Terms:,,,,"Louisville, Ohio 44641",,,,,,
Discounts:,,,,Paying By Credit Card call or email,,,,,,
Freight:,,,,330-488-4026,,,,,,
Notes:,,,Order Total,larry@jbroslures.com,,35% Off Retail,,,,
Rep Name:,,,$0.00,,,0.00,,,,
,,,,,,,,,,
GS1 Company Prefix,GTIN,GTIN-12 (U.P.C.),Brand Name,Product Description,Qty,Cost,Total,,,
081011028,00810110280007,810110280007,J Bro's Lures,Trifinity 6 Inch Plastic Worm Black Quantity 8,0.00,$2.98,$0.00,,,
081011028,00810110280014,810110280014,J Bro's Lures,Trifinity 6 Inch Plastic Worm Black and Blue Quantity 8,0.00,$3.87,$0.00,,,
081011028,00810110280021,810110280021,J Bro's Lures,Trifinity 6 Inch Plastic Worm Green Pumpkin Quantity 8,0.00,$3.87,$0.00,,,
081011028,00810110280038,810110280038,J Bro's Lures,Trifinity 6 Inch Plastic Worm Green Pumpkin Orange Quantity 8,0.00,$4.49,$0.00,,,
081011028,00810110280045,810110280045,J Bro's Lures,Trifinity 6 Inch Plastic Worm June Bug Quantity 8,0.00,$3.87,$0.00,,,
081011028,00810110280052,810110280052,J Bro's Lures,Trifinity 6 Inch Plastic Worm Motor Oil Quantity 8,0.00,$3.87,$0.00,,,
081011028,00810110280069,810110280069,J Bro's Lures,Trifinity 6 Inch Plastic Worm Pumpkin Seed Quantity 8,0.00,$2.98,$0.00,,,
081011028,00810110280076,810110280076,J Bro's Lures,Trifinity 6 Inch Plastic Worm Red Bug Quantity 8,0.00,$3.87,$0.00,,,
081011028,00810110280083,810110280083,J Bro's Lures,Trifinity 6 Inch Plastic Worm Watermelon Red Quantity 8,0.00,$3.87,$0.00,,,
081011028,00810110280090,810110280090,J Bro's Lures,Trifinity 6 Inch Plastic Worm White Quantity 8,0.00,$3.87,$0.00,,,
081011028,00810110281271,810110281271,J Bro's Lures,Trifinity 6 Inch Plastic Worm Black Grape Quantity 8,0.00,$2.98,$0.00,,,
081011028,00810110281295,810110281295,J Bro's Lures,Trifinity 6 Inch Plastic Worm Cracked Pepper Quantity 8,0.00,$3.87,$0.00,,,
081011028,00810110281318,810110281318,J Bro's Lures,Trifinity 6 Inch Plastic Worm Green Pumpkin Purple Flake Quantity 8,0.00,$3.87,$0.00,,,
,,,,,,,,,,
,,,,,,,,,,
081011028,00810110281943,810110281943,J Bro's Lures,"BFW 10"" Trifinity Black with Blue Flake Qty 4",0.00,$4.48,$0.00,,,
081011028,00810110281950,810110281950,J Bro's Lures,"BFW 10"" Trifinity Green Pumpkin Qty 4",0.00,$5.82,$0.00,,,
081011028,00810110281967,810110281967,J Bro's Lures,"BFW 10"" Trifinity June Bug Qty 4",0.00,$4.48,$0.00,,,
081011028,00810110281974,810110281974,J Bro's Lures,"BFW 10"" Trifinity Motor Oil Qty 4",0.00,$4.48,$0.00,,,
081011028,00810110281981,810110281981,J Bro's Lures,"BFW 10"" Trifinity Pumpkin Seed Qty 4",0.00,$4.48,$0.00,,,
081011028,00810110281998,810110281998,J Bro's Lures,"BFW 10"" Trifinity Red Bug Qty 4",0.00,$5.82,$0.00,,,
081011028,00810110282001,810110282001,J Bro's Lures,"BFW 10"" Trifinity Watermelon Red Qty 4",0.00,$5.82,$0.00,,,
081011028,00810110282018,810110282018,J Bro's Lures,"BFW 10"" Trifinity White Qty 4",0.00,$4.48,$0.00,,,
,,,,,,,,,,
,,,,,,,,,,
081011028,00810110280106,810110280106,J Bro's Lures,Sentinel Tube 4 Inch Alabama Craw Quantity 8,0.00,$3.98,$0.00,,,
081011028,00810110280113,810110280113,J Bro's Lures,Sentinel Tube 4 Inch Baby D Bass Quantity 8,0.00,$3.98,$0.00,,,
081011028,00810110280120,810110280120,J Bro's Lures,Sentinel Tube 4 Inch Black Blue Flake Quantity 8,0.00,$3.48,$0.00,,,
081011028,00810110280137,810110280137,J Bro's Lures,Sentinel Tube 4 Inch G Rocks Party Bus Quantity 8,0.00,$3.48,$0.00,,,
081011028,00810110280144,810110280144,J Bro's Lures,Sentinel Tube 4 Inch Green Pumpkin Blue Quantity 8,0.00,$3.48,$0.00,,,
081011028,00810110280151,810110280151,J Bro's Lures,Sentinel Tube 4 Inch Green Pumpkin Purple Quantity 8,0.00,$3.48,$0.00,,,
081011028,00810110280168,810110280168,J Bro's Lures,Sentinel Tube 4 Inch Hot Cinnamon Spice Quantity 8,0.00,$3.48,$0.00,,,
081011028,00810110280175,810110280175,J Bro's Lures,Sentinel Tube 4 Inch TC Bruiser Quantity 8,0.00,$3.98,$0.00,,,
081011028,00810110280182,810110280182,J Bro's Lures,Sentinel Tube 4 Inch Watermelon Copper Quantity 8,0.00,$3.48,$0.00,,,
081011028,00810110281332,810110281332,J Bro's Lures,Sentinel Tube 4 Inch June Bug Quantity 8,0.00,$3.48,$0.00,,,
081011028,00810110281349,810110281349,J Bro's Lures,Sentinel Tube 4 Inch Watermelon Red  Quantity 8,0.00,$3.48,$0.00,,,
081011028,00810110281356,810110281356,J Bro's Lures,Sentinel Tube 4 Inch Green Pumpkin Quantity 8,0.00,$4.49,$0.00,,,
081011028,00810110282261,810110282261,J Bro's Lures,Sentinel Tube 4 Inch White Quantity 8,0.00,$4.49,$0.00,,,
,,,,,,,,,,
,,,,,,,,,,
081011028,00810110281639,810110281639,J Bro's Lures,"Sentinel Tube 2.875"" Alabama Craw Qty 10",0.00,$3.48,$0.00,,,
081011028,00810110281646,810110281646,J Bro's Lures,"Sentinel Tube 2.875"" Baby D Bass Qty 10",0.00,$3.48,$0.00,,,
081011028,00810110281653,810110281653,J Bro's Lures,"Sentinel Tube 2.875"" Black with Blue Flake Qty 10",0.00,$2.98,$0.00,,,
081011028,00810110281660,810110281660,J Bro's Lures,"Sentinel Tube 2.875"" G Rocks Party Bus Qty 10",0.00,$2.98,$0.00,,,
081011028,00810110281677,810110281677,J Bro's Lures,"Sentinel Tube 2.875"" Green Pumpkin Qty 10",0.00,$2.98,$0.00,,,
081011028,00810110281684,810110281684,J Bro's Lures,"Sentinel Tube 2.875"" Green Pumpkin Blue Qty 10",0.00,$2.98,$0.00,,,
081011028,00810110281691,810110281691,J Bro's Lures,"Sentinel Tube 2.875"" Green Pumpkin Purple Flake Qty 10",0.00,$2.98,$0.00,,,
081011028,00810110281707,810110281707,J Bro's Lures,"Sentinel Tube 2.875"" Hot Cinnamon Spice Qty 10",0.00,$2.98,$0.00,,,
081011028,00810110281714,810110281714,J Bro's Lures,"Sentinel Tube 2.875"" June Bug Qty 10",0.00,$2.98,$0.00,,,
081011028,00810110281721,810110281721,J Bro's Lures,"Sentinel Tube 2.875"" TC Bruiser Qty 10",0.00,$3.48,$0.00,,,
081011028,00810110281738,810110281738,J Bro's Lures,"Sentinel Tube 2.875"" Watermelon Copper Qty 10",0.00,$2.98,$0.00,,,
081011028,00810110281745,810110281745,J Bro's Lures,"Sentinel Tube 2.875"" Watermelon Red Qty 10",0.00,$2.98,$0.00,,,
081011028,00810110281752,810110281752,J Bro's Lures,"Sentinel Tube 2.875"" White Qty 10",0.00,$2.98,$0.00,,,
081011028,00810110280199,810110280199,J Bro's Lures,Stick Bait aka 5 inch Fatty Black Quantity 8,0.00,$3.48,$0.00,,,
081011028,00810110280205,810110280205,J Bro's Lures,Stick Bait aka 5 inch Fatty Black Blue Flake Quantity 8,0.00,$3.48,$0.00,,,
081011028,00810110280212,810110280212,J Bro's Lures,Stick Bait aka 5 inch Fatty Green Pumpkin Quantity 8,0.00,$4.49,$0.00,,,
081011028,00810110280229,810110280229,J Bro's Lures,Stick Bait aka 5 inch Fatty Green Pumpkin Orange Quantity 8,0.00,$3.98,$0.00,,,
081011028,00810110280236,810110280236,J Bro's Lures,Stick Bait aka 5 inch Fatty June Bug Quantity 8,0.00,$4.49,$0.00,,,
081011028,00810110280243,810110280243,J Bro's Lures,Stick Bait aka 5 inch Fatty Motor Oil Quantity 8,0.00,$3.48,$0.00,,,
081011028,00810110280250,810110280250,J Bro's Lures,Stick Bait aka 5 inch Fatty Pumpkin Seed Quantity 8,0.00,$3.48,$0.00,,,
081011028,00810110280267,810110280267,J Bro's Lures,Stick Bait aka 5 inch Fatty Red Bug Quantity 8,0.00,$3.48,$0.00,,,
081011028,00810110280274,810110280274,J Bro's Lures,Stick Bait aka 5 inch Fatty Watermelon Red Quantity 8,0.00,$4.49,$0.00,,,
081011028,00810110280281,810110280281,J Bro's Lures,Stick Bait aka 5 inch Fatty White Quantity 8,0.00,$3.48,$0.00,,,
081011028,00810110281288,810110281288,J Bro's Lures,Stick Bait aka 5 inch Fatty Black Grape Quantity 8,0.00,$3.48,$0.00,,,
081011028,00810110281301,810110281301,J Bro's Lures,Stick Bait aka 5 inch Fatty Cracked Pepper Quantity 8,0.00,$3.48,$0.00,,,
081011028,00810110281325,810110281325,J Bro's Lures,Stick Bait aka 5 inch Fatty Green Pumpkin Purple Flake Flake Quantity 8,0.00,$3.48,$0.00,,,
,,,,,,,,,,
,,,,,,,,,,
081011028,00810110282124,810110282124,J Bro's Lures,"Skinny Stick Trick Worm 5"" Alabama Craw Qty 10",0.00,$2.98,$0.00,,,
081011028,00810110282131,810110282131,J Bro's Lures,"Skinny Stick Trick Worm 5"" Baby D Bass Qty 10",0.00,$4.49,$0.00,,,
081011028,00810110282148,810110282148,J Bro's Lures,"Skinny Stick Trick Worm 5"" Black Qty 10",0.00,,$0.00,,,
081011028,00810110282155,810110282155,J Bro's Lures,"Skinny Stick Trick Worm 5"" Black with Blue Flake Qty 10",0.00,$3.87,$0.00,,,
081011028,00810110282162,810110282162,J Bro's Lures,"Skinny Stick Trick Worm 5"" Cracked Pepper Qty 10",0.00,,$0.00,,,
081011028,00810110282179,810110282179,J Bro's Lures,"Skinny Stick Trick Worm 5"" Green Pumpkin Qty 10",0.00,$3.87,$0.00,,,
081011028,00810110282186,810110282186,J Bro's Lures,"Skinny Stick Trick Worm 5"" Green Pumpkin Purple Flake Qty 10",0.00,$3.87,$0.00,,,
081011028,00810110282193,810110282193,J Bro's Lures,"Skinny Stick Trick Worm 5"" June Bug Qty 10",0.00,$3.87,$0.00,,,
081011028,00810110282209,810110282209,J Bro's Lures,"Skinny Stick Trick Worm 5"" Morning Dawn Qty 10",0.00,$4.49,$0.00,,,
081011028,00810110282216,810110282216,J Bro's Lures,"Skinny Stick Trick Worm 5"" Motor Oil Qty 10",0.00,,$0.00,,,
081011028,00810110282223,810110282223,J Bro's Lures,"Skinny Stick Trick Worm 5"" Pumpkin Seed Qty 10",0.00,,$0.00,,,
081011028,00810110282230,810110282230,J Bro's Lures,"Skinny Stick Trick Worm 5"" Red Bug Qty 10",0.00,,$0.00,,,
081011028,00810110282247,810110282247,J Bro's Lures,"Skinny Stick Trick Worm 5"" Watermelon Red Qty 10",0.00,$3.87,$0.00,,,
081011028,00810110282254,810110282254,J Bro's Lures,"Skinny Stick Trick Worm 5"" White Qty 10",0.00,$2.98,$0.00,,,
,,,,Silver Shad,0.00,$4.49,$0.00,,,
,,,,,,,,,,
081011028,00810110280298,810110280298,J Bro's Lures,NED Double Trouble 3 inch Black Quantity 10,0.00,$2.48,$0.00,,,
081011028,00810110280304,810110280304,J Bro's Lures,NED Double Trouble 3 inch Black Blue Flake Quantity 10,0.00,$2.48,$0.00,,,
081011028,00810110280311,810110280311,J Bro's Lures,NED Double Trouble 3 inch Green Pumpkin Quantity 10,0.00,$3.21,$0.00,,,
081011028,00810110280328,810110280328,J Bro's Lures,NED Double Trouble 3 inch Green Pumpkin Orange Quantity 10,0.00,,$0.00,,,
081011028,00810110280335,810110280335,J Bro's Lures,NED Double Trouble 3 inch June Bug Quantity 10,0.00,$3.21,$0.00,,,
081011028,00810110280342,810110280342,J Bro's Lures,NED Double Trouble 3 inch Motor Oil Quantity 10,0.00,,$0.00,,,
081011028,00810110280359,810110280359,J Bro's Lures,NED Double Trouble 3 inch Pumpkin Seed Quantity 10,0.00,,$0.00,,,
081011028,00810110280366,810110280366,J Bro's Lures,NED Double Trouble 3 inch Red Bug Quantity 10,0.00,,$0.00,,,
081011028,00810110280373,810110280373,J Bro's Lures,NED Double Trouble 3 inch Watermelon Red Quantity 10,0.00,$3.21,$0.00,,,
081011028,00810110280380,810110280380,J Bro's Lures,NED Double Trouble 3 inch White Quantity 10,0.00,$3.21,$0.00,,,
081011028,00810110281370,810110281370,J Bro's Lures,NED Double Trouble 3 inch Black Grape Quantity 10,0.00,,$0.00,,,
081011028,00810110281431,810110281431,J Bro's Lures,NED Double Trouble 3 inch Cracked Pepper Quantity 10,0.00,$3.21,$0.00,,,
081011028,00810110281493,810110281493,J Bro's Lures,NED Double Trouble 3 inch Green Pumpkin Purple Flake Quantity 10,0.00,$2.48,$0.00,,,
,,,,Baby D Bass,0.00,$3.87,$0.00,,,
,,,,Morning Dawn,0.00,$3.87,$0.00,,,
,,,,Silver Shad,0.00,$3.87,$0.00,,,
,,,,Ghost Shad,0.00,$3.87,$0.00,,,
,,,,,,,,,,
,,,,,,,,,,
,,,,,,,,,,
,,,,,,,,,,
,,,,,,,,,,
,,,,,,,,,,
,,,,,,,,,,
,,,,,,,,,,
,,,,,,,,,,
,,,,,,,,,,
,,,,,,,,,,
,,,,,,,,,,
,,,,,,,,,,
,,,,,,,,,,
081011028,00810110280397,810110280397,J Bro's Lures,NED Ball Point 3 inch Black Quantity 10,0.00,$2.48,$0.00,,,
081011028,00810110280403,810110280403,J Bro's Lures,NED Ball Point 3 inch Black Blue Flake Quantity 10,0.00,$2.48,$0.00,,,
081011028,00810110280410,810110280410,J Bro's Lures,NED Ball Point 3 inch Green Pumpkin Quantity 10,0.00,$2.48,$0.00,,,
081011028,00810110280427,810110280427,J Bro's Lures,NED Ball Point 3 inch Green Pumpkin Orange Quantity 10,0.00,$2.98,$0.00,,,
081011028,00810110280434,810110280434,J Bro's Lures,NED Ball Point 3 inch June Bug Quantity 10,0.00,$2.48,$0.00,,,
081011028,00810110280441,810110280441,J Bro's Lures,NED Ball Point 3 inch Motor Oil Quantity 10,0.00,$2.48,$0.00,,,
081011028,00810110280458,810110280458,J Bro's Lures,NED Ball Point 3 inch Pumpkin Seed Quantity 10,0.00,$2.48,$0.00,,,
081011028,00810110280465,810110280465,J Bro's Lures,NED Ball Point 3 inch Red Bug Quantity 10,0.00,$2.48,$0.00,,,
081011028,00810110280472,810110280472,J Bro's Lures,NED Ball Point 3 inch Watermelon Red Quantity 10,0.00,$2.48,$0.00,,,
081011028,00810110280489,810110280489,J Bro's Lures,NED Ball Point 3 inch White Quantity 10,0.00,$2.48,$0.00,,,
081011028,00810110281424,810110281424,J Bro's Lures,NED Ball Point 3 inch Cracked Pepper Quantity 10,0.00,$2.48,$0.00,,,
081011028,00810110281363,810110281363,J Bro's Lures,NED Ball Point 3 inch Black Grape Quantity 10,0.00,$2.48,$0.00,,,
081011028,00810110281486,810110281486,J Bro's Lures,NED Ball Point 3 inch Green Pumpkin Purple Flake Quantity 10,0.00,$2.48,$0.00,,,
,,,,,,,,,,
,,,,,,,,,,
081011028,00810110280496,810110280496,J Bro's Lures,Grub 2 inch Black Quantity 20,0.00,$2.98,$0.00,,,
081011028,00810110280502,810110280502,J Bro's Lures,Grub 2 inch Black Blue Flake Quantity 20,0.00,$2.98,$0.00,,,
081011028,00810110280519,810110280519,J Bro's Lures,Grub 2 inch Green Pumpkin Quantity 20,0.00,$2.98,$0.00,,,
081011028,00810110280526,810110280526,J Bro's Lures,Grub 2 inch Green Pumpkin Orange Quantity 20,0.00,$3.48,$0.00,,,
081011028,00810110280533,810110280533,J Bro's Lures,Grub 2 inch June Bug Quantity 20,0.00,$2.98,$0.00,,,
081011028,00810110280540,810110280540,J Bro's Lures,Grub 2 inch Motor Oil Quantity 20,0.00,$2.98,$0.00,,,
081011028,00810110280557,810110280557,J Bro's Lures,Grub 2 inch Pumpkin Seed Quantity 20,0.00,$2.98,$0.00,,,
081011028,00810110280564,810110280564,J Bro's Lures,Grub 2 inch Red Bug Quantity 20,0.00,$2.98,$0.00,,,
081011028,00810110280571,810110280571,J Bro's Lures,Grub 2 inch Watermelon Red Quantity 20,0.00,$2.98,$0.00,,,
081011028,00810110280588,810110280588,J Bro's Lures,Grub 2 inch White Quantity 20,0.00,$3.87,$0.00,,,
081011028,00810110281387,810110281387,J Bro's Lures,Grub 2 inch Black Grape Quantity 20,0.00,$2.98,$0.00,,,
081011028,00810110281448,810110281448,J Bro's Lures,Grub 2 inch Cracked Pepper Quantity 20,0.00,$3.87,$0.00,,,
081011028,00810110281509,810110281509,J Bro's Lures,Grub 2 inch Green Pumpkin Purple Flake Quantity 20,0.00,$2.98,$0.00,,,
,,,,Baby D Bass,0.00,$3.87,$0.00,,,
,,,,Morning Dawn,0.00,$3.87,$0.00,,,
,,,,Silver shad,0.00,$3.87,$0.00,,,
,,,,Fishsion,0.00,$3.87,$0.00,,,
,,,,I'm going to Get you,0.00,$3.87,$0.00,,,
,,,,Monkeys Milk,0.00,$3.87,$0.00,,,
,,,,Pink Passion,0.00,$3.87,$0.00,,,
,,,,,,,,,,
,,,,,,,,,,
081011028,00810110280595,810110280595,J Bro's Lures,Grub 3 inch Black Quantity 10,0.00,$2.98,$0.00,,,
081011028,00810110280601,810110280601,J Bro's Lures,Grub 3 inch Black Blue Flake Quantity 10,0.00,$2.98,$0.00,,,
081011028,00810110280618,810110280618,J Bro's Lures,Grub 3 inch Green Pumpkin Quantity 10,0.00,$2.98,$0.00,,,
081011028,00810110280625,810110280625,J Bro's Lures,Grub 3 inch Green Pumpkin Orange Quantity 10,0.00,$3.48,$0.00,,,
081011028,00810110280632,810110280632,J Bro's Lures,Grub 3 inch June Bug Quantity 10,0.00,$2.98,$0.00,,,
081011028,00810110280649,810110280649,J Bro's Lures,Grub 3 inch Motor Oil Quantity 10,0.00,$2.98,$0.00,,,
081011028,00810110280656,810110280656,J Bro's Lures,Grub 3 inch Pumpkin Seed Quantity 10,0.00,$2.98,$0.00,,,
081011028,00810110280663,810110280663,J Bro's Lures,Grub 3 inch Red Bug Quantity 10,0.00,$2.98,$0.00,,,
081011028,00810110280670,810110280670,J Bro's Lures,Grub 3 inch Watermelon Red Quantity 10,0.00,$2.98,$0.00,,,
081011028,00810110280687,810110280687,J Bro's Lures,Grub 3 inch White Quantity 10,0.00,$3.87,$0.00,,,
081011028,00810110281394,810110281394,J Bro's Lures,Grub 3 inch Black Grape Quantity 10,0.00,$2.98,$0.00,,,
081011028,00810110281455,810110281455,J Bro's Lures,Grub 3 inch Cracked Pepper Quantity 10,0.00,$2.98,$0.00,,,
081011028,00810110281516,810110281516,J Bro's Lures,Grub 3 inch Green Pumpkin Purple Flake Quantity 10,0.00,$2.98,$0.00,,,
,,,,Baby D Bass,0.00,$4.49,$0.00,,,
,,,,Morning Dawn,0.00,$4.49,$0.00,,,
,,,,Silver Shad,0.00,$4.49,$0.00,,,
,,,,,,,,,,
,,,,,,,,,,
081011028,00810110280694,810110280694,J Bro's Lures,Glider 3 inch Black Quantity 10,0.00,$2.48,$0.00,,,
081011028,00810110280700,810110280700,J Bro's Lures,Glider 3 inch Black Blue Flake Quantity 10,0.00,$2.48,$0.00,,,
081011028,00810110280717,810110280717,J Bro's Lures,Glider 3 inch Green Pumpkin Quantity 10,0.00,$2.48,$0.00,,,
081011028,00810110280724,810110280724,J Bro's Lures,Glider 3 inch Green Pumpkin Orange Quantity 10,0.00,$2.98,$0.00,,,
081011028,00810110280731,810110280731,J Bro's Lures,Glider 3 inch June Bug Quantity 10,0.00,$2.48,$0.00,,,
081011028,00810110280748,810110280748,J Bro's Lures,Glider 3 inch Morning Dawn Quantity 10,0.00,$3.87,$0.00,,,
081011028,00810110280755,810110280755,J Bro's Lures,Glider 3 inch Motor Oil Quantity 10,0.00,$2.48,$0.00,,,
081011028,00810110280762,810110280762,J Bro's Lures,Glider 3 inch Pumpkin Seed Quantity 10,0.00,$2.48,$0.00,,,
081011028,00810110280779,810110280779,J Bro's Lures,Glider 3 inch Red Bug Quantity 10,0.00,$2.48,$0.00,,,
081011028,00810110280786,810110280786,J Bro's Lures,Glider 3 inch Watermelon Red Quantity 10,0.00,$2.48,$0.00,,,
081011028,00810110280793,810110280793,J Bro's Lures,Glider 3 inch White Quantity 10,0.00,$2.48,$0.00,,,
081011028,00810110281400,810110281400,J Bro's Lures,Glider 3 inch Black Grape Quantity 10,0.00,$2.48,$0.00,,,
081011028,00810110281462,810110281462,J Bro's Lures,Glider 3 inch Cracked Pepper Quantity 10,0.00,$2.48,$0.00,,,
081011028,00810110281523,810110281523,J Bro's Lures,Glider 3 inch Green Pumpkin Purple Flake Quantity 10,0.00,$2.48,$0.00,,,
,,,,,,,,,,
,,,,,,,,,,
081011028,00810110280809,810110280809,J Bro's Lures,Glider 5.5 Inch Black Quantity 10,0.00,$3.30,$0.00,,,
081011028,00810110280816,810110280816,J Bro's Lures,Glider 5.5 Inch Black Blue Flake Quantity 10,0.00,$3.30,$0.00,,,
081011028,00810110280823,810110280823,J Bro's Lures,Glider 5.5 Inch Green Pumpkin Quantity 10,0.00,$3.87,$0.00,,,
081011028,00810110280830,810110280830,J Bro's Lures,Glider 5.5 Inch Green Pumpkin Orange Quantity 10,0.00,$3.80,$0.00,,,
081011028,00810110280847,810110280847,J Bro's Lures,Glider 5.5 Inch June Bug Quantity 10,0.00,$3.30,$0.00,,,
081011028,00810110280854,810110280854,J Bro's Lures,Glider 5.5 Inch Morning Dawn Quantity 10,0.00,$4.49,$0.00,,,
081011028,00810110280861,810110280861,J Bro's Lures,Glider 5.5 Inch Motor Oil Quantity 10,0.00,$3.30,$0.00,,,
081011028,00810110280878,810110280878,J Bro's Lures,Glider 5.5 Inch Pumpkin Seed Quantity 10,0.00,$3.30,$0.00,,,
081011028,00810110280885,810110280885,J Bro's Lures,Glider 5.5 Inch Red Bug Quantity 10,0.00,$3.30,$0.00,,,
081011028,00810110280892,810110280892,J Bro's Lures,Glider 5.5 Inch Watermelon Red Quantity 10,0.00,$3.87,$0.00,,,
081011028,00810110280908,810110280908,J Bro's Lures,Glider 5.5 Inch White Quantity 10,0.00,$3.30,$0.00,,,
081011028,00810110281417,810110281417,J Bro's Lures,Glider 5.5 Inch Black Grape Quantity 10,0.00,$3.30,$0.00,,,
081011028,00810110281479,810110281479,J Bro's Lures,Glider 5.5 Inch Cracked Pepper Quantity 10,0.00,$3.30,$0.00,,,
081011028,00810110281530,810110281530,J Bro's Lures,Glider 5.5 Inch Green Pumpkin Purple Flake Quantity 10,0.00,$3.87,$0.00,,,
,,,,,,,,,,
,,,,,,,,,,
081011028,00810110280915,810110280915,J Bro's Lures,Haymaker 6.5 inch Black Quantity 10,0.00,$2.98,$0.00,,,
081011028,00810110280922,810110280922,J Bro's Lures,Haymaker 6.5 inch Black Blue Flake Quantity 10,0.00,$2.98,$0.00,,,
081011028,00810110280939,810110280939,J Bro's Lures,Haymaker 6.5 inch Green Pumpkin Quantity 10,0.00,$3.21,$0.00,,,
081011028,00810110280946,810110280946,J Bro's Lures,Haymaker 6.5 inch Green Pumpkin Orange Quantity 10,0.00,,$0.00,,,
081011028,00810110280953,810110280953,J Bro's Lures,Haymaker 6.5 inch June Bug Quantity 10,0.00,$3.21,$0.00,,,
081011028,00810110280960,810110280960,J Bro's Lures,Haymaker 6.5 inch Morning Dawn Quantity 10,0.00,$3.87,$0.00,,,
081011028,00810110280977,810110280977,J Bro's Lures,Haymaker 6.5 inch Motor Oil Quantity 10,0.00,$3.21,$0.00,,,
081011028,00810110280984,810110280984,J Bro's Lures,Haymaker 6.5 inch Pumpkin Seed Quantity 10,0.00,,$0.00,,,
081011028,00810110280991,810110280991,J Bro's Lures,Haymaker 6.5 inch Red Bug Quantity 10,0.00,$3.21,$0.00,,,
081011028,00810110281004,810110281004,J Bro's Lures,Haymaker 6.5 inch Watermelon Red Quantity 10,0.00,$3.21,$0.00,,,
081011028,00810110281011,810110281011,J Bro's Lures,Haymaker 6.5 inch White Quantity 10,0.00,,$0.00,,,
081011028,00810110281547,810110281547,J Bro's Lures,Haymaker 6.5 inch Black Grape Quantity 10,0.00,,$0.00,,,
081011028,00810110281554,810110281554,J Bro's Lures,Haymaker 6.5 inch Cracked Pepper Quantity 10,0.00,,$0.00,,,
081011028,00810110281561,810110281561,J Bro's Lures,Haymaker 6.5 inch Green Pumpkin Purple Flake Quantity 10,0.00,$3.21,$0.00,,,
,,,,,,,,,,
,,,,,,,,,,
081011028,00810110281035,810110281035,J Bro's Lures,Jester 3 inch Black Blue Flake Quantity 8,0.00,$3.87,$0.00,,,
081011028,00810110281042,810110281042,J Bro's Lures,Jester 3 inch Candy Cane Quantity 8,0.00,$3.48,$0.00,,,
081011028,00810110281059,810110281059,J Bro's Lures,Jester 3 inch Cinnamon Apple Quantity 8,0.00,$3.48,$0.00,,,
081011028,00810110281066,810110281066,J Bro's Lures,Jester 3 inch Green Pumpkin Purple Quantity 8,0.00,$2.98,$0.00,,,
081011028,00810110281073,810110281073,J Bro's Lures,Jester 3 inch Joker Quantity 8,0.00,$4.49,$0.00,,,
081011028,00810110281080,810110281080,J Bro's Lures,Jester 3 inch June Bug Quantity 8,0.00,$3.87,$0.00,,,
081011028,00810110281097,810110281097,J Bro's Lures,Jester 3 inch Morning Dawn Quantity 8,0.00,$4.49,$0.00,,,
081011028,00810110281103,810110281103,J Bro's Lures,Jester 3 inch Okeechobee Craw Quantity 8,0.00,$4.12,$0.00,,,
081011028,00810110281110,810110281110,J Bro's Lures,Jester 3 inch Orange Crush Quantity 8,0.00,$4.07,$0.00,,,
081011028,00810110281127,810110281127,J Bro's Lures,Jester 3 inch Watermelon Red Quantity 8,0.00,$3.87,$0.00,,,
081011028,00810110281134,810110281134,J Bro's Lures,Jester 3 inch White Quantity 8,0.00,$3.87,$0.00,,,
081011028,00810110281141,810110281141,J Bro's Lures,Jester 3 inch Yang and Yin Quantity 8,0.00,$3.48,$0.00,,,
081011028,00810110281158,810110281158,J Bro's Lures,Jester 3 inch Yin and Yang Quantity 8,0.00,$2.98,$0.00,,,
081011028,00810110282278,810110282278,J Bro's Lures,Jester 3 inch Green Pumpkin Quantity 8,0.00,$3.87,$0.00,,,
081011028,00810110282285,810110282285,J Bro's Lures,Jester 3 inch Baby D Bass Quantity 8,0.00,$5.95,$0.00,,,
081011028,00810110282292,810110282292,J Bro's Lures,Jester 3 inch Alabama Craw Quantity 8,0.00,$4.49,$0.00,,,
,,,,Cracked Pepper,0.00,$3.87,$0.00,,,
,,,,Blood Vein,0.00,$4.49,$0.00,,,
,,,,Purple Nurple,0.00,$4.49,$0.00,,,
,,,,Dragons Eye,0.00,$4.49,$0.00,,,
,,,,Silver Shad,0.00,$4.49,$0.00,,,
,,,,Glow Bug,0.00,$4.49,$0.00,,,
,,,,,,,,,,
,,,,,,,,,,
,,,,,,,,,,
,,,,,,,,,,
081011028,00810110281769,810110281769,J Bro's Lures,"Jester 4.25"" Alabama Craw Qty 6",0.00,$5.17,$0.00,,,
081011028,00810110281776,810110281776,J Bro's Lures,"Jester 4.25"" Baby D Bass Qty 6",0.00,,$0.00,,,
081011028,00810110281783,810110281783,J Bro's Lures,"Jester 4.25"" Black Qty 6",0.00,,$0.00,,,
081011028,00810110281790,810110281790,J Bro's Lures,"Jester 4.25"" Black with Blue Flake Qty 6",0.00,$4.49,$0.00,,,
081011028,00810110281806,810110281806,J Bro's Lures,"Jester 4.25"" Candy Cane Qty 6",0.00,,$0.00,,,
081011028,00810110281813,810110281813,J Bro's Lures,"Jester 4.25"" Cinnamon Apple Qty 6",0.00,,$0.00,,,
081011028,00810110281820,810110281820,J Bro's Lures,"Jester 4.25"" Green Pumpkin Qty 6",0.00,$4.49,$0.00,,,
081011028,00810110281837,810110281837,J Bro's Lures,"Jester 4.25"" Green Pumpkin Purple Qty 6",0.00,,$0.00,,,
081011028,00810110281844,810110281844,J Bro's Lures,"Jester 4.25"" Joker Qty 6",0.00,$5.17,$0.00,,,
081011028,00810110281851,810110281851,J Bro's Lures,"Jester 4.25"" June Bug Qty 6",0.00,$4.49,$0.00,,,
081011028,00810110281868,810110281868,J Bro's Lures,"Jester 4.25"" Morning Dawn Qty 6",0.00,$5.17,$0.00,,,
081011028,00810110281875,810110281875,J Bro's Lures,"Jester 4.25"" Okeechobee Craw Qty 6",0.00,,$0.00,,,
081011028,00810110281882,810110281882,J Bro's Lures,"Jester 4.25"" Orange Crush Qty 6",0.00,,$0.00,,,
081011028,00810110281899,810110281899,J Bro's Lures,"Jester 4.25"" Pumpkin Seed Qty 6",0.00,,$0.00,,,
081011028,00810110281905,810110281905,J Bro's Lures,"Jester 4.25"" Watermelon Red Qty 6",0.00,$4.49,$0.00,,,
081011028,00810110281912,810110281912,J Bro's Lures,"Jester 4.25"" White Qty 6",0.00,$4.49,$0.00,,,
081011028,00810110281929,810110281929,J Bro's Lures,"Jester 4.25"" Yin and Yang Qty 6",0.00,$3.98,$0.00,,,
081011028,00810110281936,810110281936,J Bro's Lures,"Jester 4.25"" Yang and Yin Qty 6",0.00,$3.98,$0.00,,,
,,,,Cracked Pepper,0.00,$4.49,$0.00,,,
,,,,Blood Vein,0.00,$5.17,$0.00,,,
,,,,Purple Nurple,0.00,$5.17,$0.00,,,
,,,,Dragons Eye,0.00,$5.17,$0.00,,,
,,,,Silver Shad,0.00,$5.17,$0.00,,,
,,,,Glow Bug,0.00,$5.17,$0.00,,,
,,,,,,,,,,
,,,,,,,,,,
,,,,,,,,,,
,,,,,,,,,,
,,,,,,,,,,
,,,,,,,,,,
,,,,,,,,,,
,,,,,,,,,,
,,,,,,,,,,
,,,,,,,,,,
,,,,,,,,,,
,,,,,,,,,,
,,,,,,,,,,
,,,,,,,,,,
,,,,,,,,,,
,,,,,,,,,,
,,,,,,,,,,
,,,,,,,,,,
,,,,,,,,,,
081011028,00810110281165,810110281165,J Bro's Lures,Patriot 4 inch Alabama Craw Quantity 8,0.00,$3.48,$0.00,,,
081011028,00810110281172,810110281172,J Bro's Lures,Patriot 4 inch G Rocks Party Bus Quantity 8,0.00,$2.98,$0.00,,,
081011028,00810110281189,810110281189,J Bro's Lures,Patriot 4 inch Joker Quantity 8,0.00,$3.48,$0.00,,,
081011028,00810110281196,810110281196,J Bro's Lures,Patriot 4 inch Morning Dawn Quantity 8,0.00,$3.48,$0.00,,,
081011028,00810110281202,810110281202,J Bro's Lures,Patriot 4 inch Okeechobee Craw Quantity 8,0.00,$3.48,$0.00,,,
081011028,00810110281219,810110281219,J Bro's Lures,Patriot 4 inch Orange Crush Quantity 8,0.00,$3.48,$0.00,,,
081011028,00810110281226,810110281226,J Bro's Lures,Patriot 4 inch Peppermint Quantity 8,0.00,$3.48,$0.00,,,
081011028,00810110281233,810110281233,J Bro's Lures,Patriot 4 inch Silver Shad Quantity 8,0.00,$3.48,$0.00,,,
081011028,00810110281240,810110281240,J Bro's Lures,Patriot 4 inch Smallmouth Candy Quantity 8,0.00,$3.48,$0.00,,,
081011028,00810110281257,810110281257,J Bro's Lures,Patriot 4 inch Watermelon Copper Quantity 8,0.00,$2.98,$0.00,,,
081011028,00810110281264,810110281264,J Bro's Lures,Patriot 4 inch Yang and Yin Quantity 8,0.00,$3.48,$0.00,,,
,,,,,,,,,,
,,,,,,,,,,
081011028,00810110281578,810110281578,J Bro's Lures,"Leech 4.25"" Black Qty 10",0.00,$2.48,$0.00,,,
081011028,00810110281585,810110281585,J Bro's Lures,"Leech 4.25"" Green Pumpkin Qty 10",0.00,$2.48,$0.00,,,
081011028,00810110281592,810110281592,J Bro's Lures,"Leech 4.25"" Green Pumpkin Purple Flake",0.00,$2.48,$0.00,,,
081011028,00810110281608,810110281608,J Bro's Lures,"Leech 4.25"" Morning Dawn Qty 10",0.00,$2.98,$0.00,,,
081011028,00810110281615,810110281615,J Bro's Lures,"Leech 4.25"" Motor Oil Qty 10",0.00,$2.48,$0.00,,,
081011028,00810110281622,810110281622,J Bro's Lures,"Leech 4.25"" Pumpkin Seed Qty 10",0.00,$2.48,$0.00,,,
,,,,,,,,,,
,,,,,,,,,,
081011028,00810110282025,810110282025,J Bro's Lures,"Ditch Lobster 4"" Black with Blue Flake Qty 6",0.00,$3.87,$0.00,,,
081011028,00810110282032,810110282032,J Bro's Lures,"Ditch Lobster 4"" Green Pumpkin Qty 6",0.00,$3.87,$0.00,,,
081011028,00810110282049,810110282049,J Bro's Lures,"Ditch Lobster 4"" Green Pumpkin Purple Flake Qty 6",0.00,$3.87,$0.00,,,
081011028,00810110282056,810110282056,J Bro's Lures,"Ditch Lobster 4"" Pumpkin Seed Qty 6",0.00,,$0.00,,,
081011028,00810110282063,810110282063,J Bro's Lures,"Ditch Lobster 4"" Watermelon Red Qty 6",0.00,$3.87,$0.00,,,
081011028,00810110282070,810110282070,J Bro's Lures,"Ditch Lobster 4"" Okeechobee Craw Qty 6",0.00,,$0.00,,,
081011028,00810110282087,810110282087,J Bro's Lures,"Ditch Lobster 4"" Alabama Craw Qty 6",0.00,$3.87,$0.00,,,
081011028,00810110282094,810110282094,J Bro's Lures,"Ditch Lobster 4"" Peppermint Qty 6",0.00,$3.48,$0.00,,,
081011028,00810110282100,810110282100,J Bro's Lures,"Ditch Lobster 4"" June Bug Qty 6",0.00,$2.98,$0.00,,,
081011028,00810110282117,810110282117,J Bro's Lures,"Ditch Lobster 4"" White Qty 6",0.00,$2.98,$0.00,,,
,,,,,,,,,,
,,NEW FOR 2026,,,,,,,,
,,,,"4.25"" Brover Qty 5",,,,,,
,,,,Black/Blue,0.00,$3.87,$0.00,,,
,,,,Watermelon Red,0.00,$3.87,$0.00,,,
,,,,Green Pumpkin,0.00,$3.87,$0.00,,,
,,,,June Bug,0.00,$3.87,$0.00,,,
,,,,,,,,,,
,,,,7.3 Honey Dipper Qty 8,,,,,,
,,,,Black Blue ,0.00,$4.49,$0.00,,,
,,,,Green Pumpkin,0.00,$4.49,$0.00,,,
,,,,Green Pumpkin Purple,0.00,$4.49,$0.00,,,
,,,,June Bug,0.00,$4.49,$0.00,,,
,,,,Morning Dawn,0.00,$5.17,$0.00,,,
,,,,Motor Oil,0.00,$4.49,$0.00,,,
,,,,Red Bug,0.00,$4.49,$0.00,,,
,,,,Silver Shad,0.00,$5.17,$0.00,,,
,,,,Watermelon Red,0.00,$5.17,$0.00,,,
,,,,,,,,,,
,,,,,,,,,,
,,,,,,,,,,
,,,,,,,,,,
,,,,,,,,,,
,,,,,,,,,,
,,,,,,,,,,
